"Date","Price","Open","High","Low","Vol.","Change %"
"07/18/2024","183.75","189.59","189.68","181.45","51.04M","-2.22%"
"07/17/2024","187.93","191.35","191.58","185.99","48.08M","-2.64%"
"07/16/2024","193.02","195.59","196.62","192.24","33.99M","0.16%"
"07/15/2024","192.72","194.56","196.19","190.83","40.68M","-0.91%"
"07/12/2024","194.49","194.80","196.47","193.83","30.60M","-0.29%"
"07/11/2024","195.05","200.09","200.27","192.86","44.57M","-2.37%"
"07/10/2024","199.79","199.99","200.11","197.69","32.88M","0.23%"
"07/09/2024","199.34","199.40","200.57","199.04","32.76M","0.03%"
"07/08/2024","199.29","200.04","201.20","197.96","34.77M","-0.36%"
"07/05/2024","200.00","198.65","200.55","198.17","39.86M","1.22%"
"07/03/2024","197.59","199.94","200.03","196.76","31.60M","-1.21%"
"07/02/2024","200.00","197.28","200.43","195.93","45.60M","1.42%"
"07/01/2024","197.20","193.49","198.30","192.82","41.19M","2.04%"
"06/28/2024","193.25","197.73","198.85","192.50","76.93M","-2.32%"
"06/27/2024","197.85","195.01","199.84","194.20","74.40M","2.19%"
"06/26/2024","193.61","186.92","194.80","186.26","65.10M","3.90%"
"06/25/2024","186.34","186.81","188.84","185.42","45.90M","0.41%"
"06/24/2024","185.57","189.33","191.00","185.33","50.61M","-1.86%"
"06/21/2024","189.08","187.80","189.27","185.86","72.93M","1.60%"
"06/20/2024","186.10","182.91","186.51","182.72","44.73M","1.80%"
"06/18/2024","182.81","183.74","184.29","181.43","36.66M","-0.68%"
"06/17/2024","184.06","182.52","185.00","181.22","35.60M","0.22%"
"06/14/2024","183.66","183.08","183.72","182.23","25.46M","-0.09%"
"06/13/2024","183.83","186.09","187.67","182.67","39.72M","-1.64%"
"06/12/2024","186.89","188.01","188.35","185.43","33.98M","-0.18%"
"06/11/2024","187.23","187.06","187.77","184.54","27.27M","0.09%"
"06/10/2024","187.06","184.07","187.23","183.79","34.49M","1.50%"
"06/07/2024","184.30","184.90","186.29","183.36","28.02M","-0.38%"
"06/06/2024","185.00","181.74","185.00","181.49","31.37M","2.05%"
"06/05/2024","181.28","180.10","181.50","178.75","32.12M","1.08%"
"06/04/2024","179.34","177.64","179.82","176.44","27.20M","0.56%"
"06/03/2024","178.34","177.70","178.70","175.92","30.79M","1.08%"
"05/31/2024","176.44","178.30","179.21","173.87","58.90M","-1.61%"
"05/30/2024","179.32","181.31","181.34","178.35","29.25M","-1.48%"
"05/29/2024","182.02","181.70","184.08","181.55","32.01M","-0.07%"
"05/28/2024","182.15","179.93","182.24","179.49","29.93M","0.77%"
"05/24/2024","180.75","181.65","182.43","180.30","27.47M","-0.17%"
"05/23/2024","181.05","183.66","184.76","180.08","33.67M","-1.14%"
"05/22/2024","183.13","183.88","185.22","181.97","28.15M","-0.01%"
"05/21/2024","183.15","182.30","183.26","180.75","50.84M","-0.21%"
"05/20/2024","183.54","184.34","186.66","183.28","30.51M","-0.63%"
"05/17/2024","184.70","183.76","185.30","183.35","33.18M","0.58%"
"05/16/2024","183.63","185.60","187.31","183.46","38.83M","-1.27%"
"05/15/2024","185.99","185.97","186.72","182.73","75.46M","-0.58%"
"05/14/2024","187.07","183.82","187.72","183.45","38.70M","0.27%"
"05/13/2024","186.57","188.00","188.31","185.36","24.90M","-0.49%"
"05/10/2024","187.48","189.16","189.89","186.93","34.14M","-1.07%"
"05/09/2024","189.50","188.88","191.70","187.44","43.37M","0.80%"
"05/08/2024","188.00","187.44","188.43","186.38","26.14M","-0.40%"
"05/07/2024","188.76","188.92","189.94","187.30","34.05M","0.03%"
"05/06/2024","188.70","186.28","188.74","184.80","34.73M","1.34%"
"05/03/2024","186.21","186.99","187.87","185.42","39.17M","0.81%"
"05/02/2024","184.72","180.85","185.10","179.91","54.30M","3.20%"
"05/01/2024","179.00","181.63","185.15","176.56","94.65M","2.29%"
"04/30/2024","175.00","181.09","182.99","174.80","94.64M","-3.29%"
"04/29/2024","180.96","182.75","183.53","179.39","54.06M","0.75%"
"04/26/2024","179.62","177.79","180.82","176.13","43.92M","3.43%"
"04/25/2024","173.67","169.68","173.92","166.32","49.25M","-1.65%"
"04/24/2024","176.59","179.94","180.32","176.18","34.19M","-1.64%"
"04/23/2024","179.54","178.08","179.93","175.98","37.05M","1.30%"
"04/22/2024","177.23","176.94","178.87","174.56","37.92M","1.49%"
"04/19/2024","174.63","178.74","179.00","173.44","56.00M","-2.56%"
"04/18/2024","179.22","181.47","182.39","178.65","30.72M","-1.14%"
"04/17/2024","181.28","184.31","184.57","179.82","31.36M","-1.11%"
"04/16/2024","183.32","183.27","184.83","182.26","32.89M","-0.16%"
"04/15/2024","183.62","187.43","188.69","183.00","48.05M","-1.35%"
"04/12/2024","186.13","187.72","188.38","185.08","38.61M","-1.54%"
"04/11/2024","189.05","186.74","189.77","185.51","40.02M","1.67%"
"04/10/2024","185.95","182.76","186.27","182.67","35.88M","0.15%"
"04/09/2024","185.67","187.24","187.34","184.20","36.55M","0.26%"
"04/08/2024","185.19","186.90","187.29","184.81","39.22M","0.06%"
"04/05/2024","185.07","182.38","186.27","181.97","42.37M","2.82%"
"04/04/2024","180.00","184.00","185.10","180.00","41.62M","-1.32%"
"04/03/2024","182.41","179.90","182.87","179.80","31.05M","0.95%"
"04/02/2024","180.69","179.07","180.79","178.38","32.61M","-0.15%"
"04/01/2024","180.97","180.79","183.00","179.95","29.17M","0.33%"
"03/28/2024","180.38","180.17","181.70","179.26","38.05M","0.31%"
"03/27/2024","179.83","179.88","180.00","177.31","33.27M","0.86%"
"03/26/2024","178.30","180.15","180.45","177.95","29.66M","-0.78%"
"03/25/2024","179.71","178.01","180.99","177.24","29.82M","0.47%"
"03/22/2024","178.87","177.75","179.26","176.75","28.00M","0.40%"
"03/21/2024","178.15","179.99","181.41","178.15","32.82M","0.00%"
"03/20/2024","178.15","176.14","178.53","174.64","29.95M","1.28%"
"03/19/2024","175.90","174.21","176.09","173.52","26.88M","0.81%"
"03/18/2024","174.48","175.80","176.69","174.28","31.25M","0.03%"
"03/15/2024","174.42","176.64","177.93","173.90","72.15M","-2.42%"
"03/14/2024","178.75","177.69","179.53","176.46","43.71M","1.24%"
"03/13/2024","176.55","175.90","177.62","175.55","30.77M","0.66%"
"03/12/2024","175.39","173.50","176.76","171.98","36.61M","1.99%"
"03/11/2024","171.96","174.31","174.47","171.47","28.48M","-1.93%"
"03/08/2024","175.35","176.44","178.79","174.33","37.89M","-0.83%"
"03/07/2024","176.82","174.83","177.99","173.72","34.06M","1.91%"
"03/06/2024","173.51","175.54","176.46","173.26","32.09M","-0.35%"
"03/05/2024","174.12","176.93","176.93","173.30","37.23M","-1.95%"
"03/04/2024","177.58","177.53","180.14","177.49","37.38M","-0.36%"
"03/01/2024","178.22","176.75","178.73","176.07","31.98M","0.83%"
"02/29/2024","176.76","173.01","177.22","172.85","53.81M","2.08%"
"02/28/2024","173.16","172.44","174.05","172.27","28.18M","-0.22%"
"02/27/2024","173.54","174.07","174.62","172.86","31.14M","-0.68%"
"02/26/2024","174.73","175.70","176.37","174.26","44.37M","-0.15%"
"02/23/2024","174.99","174.28","175.75","173.70","59.72M","0.23%"
"02/22/2024","174.58","173.10","174.80","171.77","55.39M","3.55%"
"02/21/2024","168.59","168.94","170.23","167.14","44.58M","0.90%"
"02/20/2024","167.08","167.83","168.71","165.74","41.98M","-1.43%"
"02/16/2024","169.51","168.74","170.42","167.17","48.11M","-0.17%"
"02/15/2024","169.80","170.58","171.17","167.59","49.86M","-0.69%"
"02/14/2024","170.98","169.21","171.21","168.28","42.82M","1.39%"
"02/13/2024","168.64","167.73","170.95","165.75","56.35M","-2.15%"
"02/12/2024","172.34","174.80","175.39","171.54","51.05M","-1.21%"
"02/09/2024","174.45","170.90","175.00","170.58","56.99M","2.71%"
"02/08/2024","169.84","169.65","171.43","168.88","42.32M","-0.40%"
"02/07/2024","170.53","169.48","170.88","168.94","47.17M","0.82%"
"02/06/2024","169.15","169.39","170.71","167.65","42.51M","-0.68%"
"02/05/2024","170.31","170.20","170.55","167.70","55.08M","-0.87%"
"02/02/2024","171.81","169.19","172.50","167.33","117.22M","7.87%"
"02/01/2024","159.28","155.87","159.76","155.62","76.54M","2.63%"
"01/31/2024","155.20","157.00","159.01","154.81","50.28M","-2.39%"
"01/30/2024","159.00","160.70","161.73","158.49","45.21M","-1.40%"
"01/29/2024","161.26","159.34","161.29","158.90","45.27M","1.34%"
"01/26/2024","159.12","158.42","160.72","157.91","51.05M","0.87%"
"01/25/2024","157.75","156.95","158.51","154.55","43.64M","0.56%"
"01/24/2024","156.87","157.80","158.51","156.48","48.55M","0.54%"
"01/23/2024","156.02","154.85","156.21","153.93","37.99M","0.80%"
"01/22/2024","154.78","156.89","157.05","153.90","43.69M","-0.36%"
"01/19/2024","155.34","153.83","155.76","152.74","51.65M","1.20%"
"01/18/2024","153.50","152.77","153.77","151.82","37.85M","1.18%"
"01/17/2024","151.71","151.49","152.15","149.91","34.95M","-0.95%"
"01/16/2024","153.16","153.53","154.99","152.15","41.38M","-0.94%"
"01/12/2024","154.62","155.39","156.20","154.01","40.48M","-0.36%"
"01/11/2024","155.18","155.04","157.17","153.12","49.07M","0.94%"
"01/10/2024","153.73","152.06","154.42","151.88","44.42M","1.56%"
"01/09/2024","151.37","148.33","151.71","148.21","43.81M","1.52%"
"01/08/2024","149.10","146.74","149.40","146.15","46.76M","2.66%"
"01/05/2024","145.24","144.69","146.59","144.53","45.15M","0.46%"
"01/04/2024","144.57","145.59","147.38","144.05","56.04M","-2.63%"
"01/03/2024","148.47","149.20","151.05","148.33","49.43M","-0.97%"
"01/02/2024","149.93","151.54","152.38","148.39","47.34M","-1.32%"
"12/29/2023","151.94","153.10","153.89","151.03","39.82M","-0.94%"
"12/28/2023","153.38","153.72","154.08","152.95","27.06M","0.03%"
"12/27/2023","153.34","153.56","154.78","153.12","31.43M","-0.05%"
"12/26/2023","153.41","153.56","153.98","153.03","25.07M","-0.01%"
"12/22/2023","153.42","153.77","154.35","152.71","29.51M","-0.27%"
"12/21/2023","153.84","153.30","153.97","152.10","36.31M","1.13%"
"12/20/2023","152.12","152.90","155.63","151.56","50.32M","-1.09%"
"12/19/2023","153.79","154.40","155.12","152.69","43.17M","-0.18%"
"12/18/2023","154.07","150.56","154.85","150.05","62.51M","2.73%"
"12/15/2023","149.97","148.38","150.57","147.88","110.09M","1.73%"
"12/14/2023","147.42","149.93","150.54","145.52","58.40M","-0.95%"
"12/13/2023","148.84","148.12","149.46","146.82","52.77M","0.92%"
"12/12/2023","147.48","145.52","147.50","145.30","44.94M","1.09%"
"12/11/2023","145.89","145.66","146.19","143.64","50.91M","-1.04%"
"12/08/2023","147.42","145.48","147.84","145.40","41.91M","0.37%"
"12/07/2023","146.88","146.15","147.92","145.34","52.35M","1.63%"
"12/06/2023","144.52","147.58","147.85","144.28","39.68M","-1.61%"
"12/05/2023","146.88","143.55","148.57","143.13","46.82M","1.41%"
"12/04/2023","144.84","145.25","145.35","142.81","48.29M","-1.49%"
"12/01/2023","147.03","146.00","147.24","145.55","39.95M","0.64%"
"11/30/2023","146.09","144.76","146.93","144.33","65.81M","-0.16%"
"11/29/2023","146.32","147.85","148.54","145.97","40.61M","-0.48%"
"11/28/2023","147.03","146.98","147.60","145.53","42.71M","-0.47%"
"11/27/2023","147.73","147.53","149.26","146.88","53.76M","0.67%"
"11/24/2023","146.74","146.70","147.20","145.32","22.38M","0.02%"
"11/22/2023","146.71","144.57","147.74","144.57","45.70M","1.95%"
"11/21/2023","143.90","143.91","144.05","141.50","71.23M","-1.53%"
"11/20/2023","146.13","145.13","146.63","144.73","41.98M","0.65%"
"11/17/2023","145.18","142.66","145.23","142.54","49.68M","1.65%"
"11/16/2023","142.83","140.91","143.32","139.52","49.65M","-0.26%"
"11/15/2023","143.20","147.06","147.29","142.59","63.88M","-1.78%"
"11/14/2023","145.80","145.00","147.26","144.68","56.67M","2.25%"
"11/13/2023","142.59","142.08","143.23","140.67","35.68M","-0.68%"
"11/10/2023","143.56","140.46","143.65","139.91","49.35M","2.11%"
"11/09/2023","140.60","142.02","142.65","139.84","36.24M","-1.04%"
"11/08/2023","142.08","142.97","143.12","141.22","44.52M","-0.44%"
"11/07/2023","142.71","140.55","143.37","140.50","53.55M","2.13%"
"11/06/2023","139.74","138.76","140.73","138.36","44.97M","0.82%"
"11/03/2023","138.60","138.99","139.49","137.45","44.06M","0.38%"
"11/02/2023","138.07","138.73","138.81","136.47","52.24M","0.78%"
"11/01/2023","137.00","133.96","137.35","133.71","61.53M","2.94%"
"10/31/2023","133.09","132.75","133.57","131.71","51.59M","0.29%"
"10/30/2023","132.71","129.72","133.00","128.56","72.49M","3.89%"
"10/27/2023","127.74","126.20","130.02","125.52","125.31M","6.83%"
"10/26/2023","119.57","120.63","121.64","118.35","100.42M","-1.50%"
"10/25/2023","121.39","126.04","126.34","120.79","74.58M","-5.58%"
"10/24/2023","128.56","127.74","128.80","126.34","46.48M","1.58%"
"10/23/2023","126.56","124.63","127.88","123.98","48.26M","1.11%"
"10/20/2023","125.17","128.05","128.17","124.97","56.41M","-2.52%"
"10/19/2023","128.40","130.57","132.24","127.47","60.96M","0.21%"
"10/18/2023","128.13","129.90","130.67","127.51","42.70M","-2.54%"
"10/17/2023","131.47","130.39","132.58","128.71","49.34M","-0.81%"
"10/16/2023","132.55","130.69","133.07","130.43","42.83M","2.13%"
"10/13/2023","129.79","132.98","133.31","128.95","45.82M","-1.92%"
"10/12/2023","132.33","132.17","134.48","131.23","55.53M","0.38%"
"10/11/2023","131.83","129.74","132.05","129.61","40.74M","1.81%"
"10/10/2023","129.48","128.82","130.74","128.05","42.18M","0.95%"
"10/09/2023","128.26","126.22","128.79","124.76","38.77M","0.23%"
"10/06/2023","127.96","124.16","128.45","124.13","46.84M","1.59%"
"10/05/2023","125.96","126.71","126.73","124.33","39.66M","-0.82%"
"10/04/2023","127.00","126.06","127.36","125.68","44.20M","1.83%"
"10/03/2023","124.72","128.06","128.52","124.25","51.57M","-3.66%"
"10/02/2023","129.46","127.28","130.47","126.54","48.03M","1.84%"
"09/29/2023","127.12","128.20","129.15","126.32","62.41M","0.90%"
"09/28/2023","125.98","124.04","126.58","123.04","54.56M","0.00%"
"09/27/2023","125.98","125.76","127.48","124.13","66.55M","0.00%"
"09/26/2023","125.98","130.12","130.39","125.28","73.05M","-4.03%"
"09/25/2023","131.27","129.36","131.78","128.77","46.02M","1.67%"
"09/22/2023","129.12","131.11","132.03","128.52","59.90M","-0.16%"
"09/21/2023","129.33","131.94","132.24","129.31","70.34M","-4.41%"
"09/20/2023","135.29","138.55","139.37","135.20","46.26M","-1.70%"
"09/19/2023","137.63","138.70","138.84","135.56","61.48M","-1.68%"
"09/18/2023","139.98","140.48","141.75","139.22","42.82M","-0.29%"
"09/15/2023","140.39","142.69","143.57","140.09","102.91M","-2.99%"
"09/14/2023","144.72","145.08","145.86","142.95","64.03M","-0.09%"
"09/13/2023","144.85","140.95","144.98","140.87","60.47M","2.56%"
"09/12/2023","141.23","142.32","143.00","140.61","42.67M","-1.31%"
"09/11/2023","143.10","138.75","143.62","138.64","56.76M","3.52%"
"09/08/2023","138.23","136.86","138.85","136.75","38.37M","0.28%"
"09/07/2023","137.85","133.90","138.03","133.16","48.50M","1.84%"
"09/06/2023","135.36","136.32","137.45","134.61","41.79M","-1.39%"
"09/05/2023","137.27","137.73","137.80","135.82","40.64M","-0.62%"
"09/01/2023","138.12","139.46","139.96","136.88","40.99M","0.08%"
"08/31/2023","138.01","135.06","138.79","135.00","58.78M","2.18%"
"08/30/2023","135.07","134.93","135.68","133.92","36.14M","0.12%"
"08/29/2023","134.91","133.38","135.14","133.25","38.65M","1.33%"
"08/28/2023","133.14","133.78","133.95","131.85","34.11M","-0.09%"
"08/25/2023","133.26","132.47","133.87","130.58","44.15M","1.08%"
"08/24/2023","131.84","136.40","136.77","131.83","43.65M","-2.72%"
"08/23/2023","135.52","134.50","135.95","133.22","42.80M","0.95%"
"08/22/2023","134.25","135.08","135.65","133.73","32.94M","-0.32%"
"08/21/2023","134.68","133.74","135.18","132.71","41.44M","1.10%"
"08/18/2023","133.22","131.62","134.07","131.15","48.50M","-0.57%"
"08/17/2023","133.98","135.46","136.09","133.53","48.35M","-0.81%"
"08/16/2023","135.07","137.19","137.27","135.01","41.68M","-1.89%"
"08/15/2023","137.67","140.05","141.28","137.23","42.78M","-2.06%"
"08/14/2023","140.57","138.30","140.59","137.75","47.15M","1.56%"
"08/11/2023","138.41","137.40","139.33","137.00","42.91M","-0.11%"
"08/10/2023","138.56","139.07","140.41","137.49","58.93M","0.52%"
"08/09/2023","137.85","139.97","140.32","137.10","50.02M","-1.49%"
"08/08/2023","139.94","140.62","140.84","138.42","51.71M","-1.60%"
"08/07/2023","142.22","140.99","142.54","138.95","71.21M","1.90%"
"08/04/2023","139.57","141.06","143.63","139.32","153.13M","8.27%"
"08/03/2023","128.91","127.48","129.84","126.41","91.16M","0.55%"
"08/02/2023","128.21","130.15","130.23","126.82","51.03M","-2.64%"
"08/01/2023","131.69","133.55","133.69","131.62","42.30M","-1.49%"
"07/31/2023","133.68","133.20","133.87","132.38","41.90M","1.11%"
"07/28/2023","132.21","129.69","133.01","129.33","46.32M","3.09%"
"07/27/2023","128.25","131.00","132.63","127.79","52.61M","0.08%"
"07/26/2023","128.15","126.51","129.08","126.11","53.91M","-0.76%"
"07/25/2023","129.13","129.31","129.58","128.53","39.24M","0.26%"
"07/24/2023","128.80","130.30","131.66","128.35","45.67M","-0.92%"
"07/21/2023","130.00","131.34","131.37","128.41","133.31M","0.03%"
"07/20/2023","129.96","134.07","134.79","129.33","59.82M","-3.99%"
"07/19/2023","135.36","133.39","135.99","132.53","54.53M","1.90%"
"07/18/2023","132.83","132.71","133.86","131.35","54.97M","-0.55%"
"07/17/2023","133.56","134.56","135.62","133.21","48.45M","-0.83%"
"07/14/2023","134.68","134.06","136.65","134.06","54.49M","0.28%"
"07/13/2023","134.30","134.04","134.67","132.71","61.17M","2.68%"
"07/12/2023","130.80","130.31","131.26","128.83","54.02M","1.57%"
"07/11/2023","128.78","127.75","129.77","127.35","49.95M","1.30%"
"07/10/2023","127.13","129.07","129.28","125.92","61.89M","-2.04%"
"07/07/2023","129.78","128.59","130.97","128.13","41.99M","1.11%"
"07/06/2023","128.36","128.25","128.73","127.37","40.70M","-1.55%"
"07/05/2023","130.38","130.24","131.40","129.64","35.90M","0.12%"
"07/03/2023","130.22","130.82","131.85","130.07","28.26M","-0.11%"
"06/30/2023","130.36","129.47","131.24","128.95","54.35M","1.92%"
"06/29/2023","127.90","128.77","129.26","127.25","40.76M","-0.88%"
"06/28/2023","129.04","128.94","131.48","128.44","52.15M","-0.11%"
"06/27/2023","129.18","128.63","130.09","127.55","46.80M","1.45%"
"06/26/2023","127.33","129.33","131.49","127.10","59.99M","-1.55%"
"06/23/2023","129.33","129.11","130.84","128.28","71.93M","-0.63%"
"06/22/2023","130.15","125.31","130.33","125.14","90.35M","4.26%"
"06/21/2023","124.83","125.64","126.73","123.85","52.14M","-0.76%"
"06/20/2023","125.78","124.97","127.25","124.50","56.93M","0.23%"
"06/16/2023","125.49","127.71","127.90","125.30","84.25M","-1.27%"
"06/15/2023","127.11","125.21","127.69","124.32","60.46M","0.55%"
"06/14/2023","126.42","126.70","126.95","124.12","52.42M","-0.19%"
"06/13/2023","126.66","128.12","128.41","125.18","50.56M","0.07%"
"06/12/2023","126.57","124.02","126.78","123.53","51.47M","2.54%"
"06/09/2023","123.43","124.08","125.80","123.19","51.40M","-0.66%"
"06/08/2023","124.25","123.01","125.63","122.26","62.16M","2.49%"
"06/07/2023","121.23","127.01","127.36","120.63","95.66M","-4.25%"
"06/06/2023","126.61","125.07","127.40","125.00","45.70M","1.05%"
"06/05/2023","125.30","123.36","125.80","123.03","47.95M","0.85%"
"06/02/2023","124.25","124.92","126.39","124.01","61.26M","1.21%"
"06/01/2023","122.77","120.69","123.49","119.93","54.38M","1.82%"
"05/31/2023","120.58","121.45","122.04","119.17","72.80M","-0.89%"
"05/30/2023","121.66","122.37","122.92","119.86","64.31M","1.29%"
"05/26/2023","120.11","116.04","121.50","116.02","96.78M","4.44%"
"05/25/2023","115.00","116.63","116.87","114.31","66.50M","-1.50%"
"05/24/2023","116.75","115.35","117.34","115.02","63.49M","1.53%"
"05/23/2023","114.99","114.27","117.14","113.78","67.58M","-0.02%"
"05/22/2023","115.01","116.77","116.77","114.25","70.74M","-1.07%"
"05/19/2023","116.25","118.16","118.31","115.70","55.06M","-1.61%"
"05/18/2023","118.15","116.69","118.60","116.33","73.17M","2.29%"
"05/17/2023","115.50","114.89","115.83","114.22","65.66M","1.85%"
"05/16/2023","113.40","111.05","114.79","111.05","71.47M","1.98%"
"05/15/2023","111.20","111.15","112.29","109.25","53.01M","0.85%"
"05/12/2023","110.26","112.16","112.64","109.32","49.85M","-1.71%"
"05/11/2023","112.18","111.03","113.28","110.49","74.92M","1.81%"
"05/10/2023","110.19","108.10","110.67","108.05","78.63M","3.35%"
"05/09/2023","106.62","105.48","106.79","105.16","44.09M","0.75%"
"05/08/2023","105.83","105.04","106.10","104.70","49.43M","0.17%"
"05/05/2023","105.65","104.27","105.76","103.55","56.95M","1.59%"
"05/04/2023","104.00","104.04","105.39","103.31","45.35M","0.34%"
"05/03/2023","103.65","103.74","105.96","103.28","65.05M","0.02%"
"05/02/2023","103.63","101.47","103.90","101.15","73.47M","1.55%"
"05/01/2023","102.05","104.95","105.23","101.82","74.73M","-3.22%"
"04/28/2023","105.45","107.73","109.48","104.33","130.72M","-3.98%"
"04/27/2023","109.82","108.16","110.86","106.80","149.96M","4.61%"
"04/26/2023","104.98","105.04","106.62","104.10","73.80M","2.35%"
"04/25/2023","102.57","104.91","105.45","102.45","65.03M","-3.43%"
"04/24/2023","106.21","107.65","109.23","105.07","69.58M","-0.70%"
"04/21/2023","106.96","106.10","108.15","105.08","86.77M","3.03%"
"04/20/2023","103.81","103.53","105.25","103.21","57.70M","-0.47%"
"04/19/2023","104.30","101.58","105.12","101.39","58.40M","1.96%"
"04/18/2023","102.30","103.95","104.20","101.52","39.79M","-0.43%"
"04/17/2023","102.74","103.16","103.73","101.59","39.92M","0.22%"
"04/14/2023","102.51","102.07","103.20","101.11","51.45M","0.11%"
"04/13/2023","102.40","98.95","102.57","98.71","67.93M","4.67%"
"04/12/2023","97.83","100.40","100.51","97.71","56.74M","-2.09%"
"04/11/2023","99.92","100.80","101.00","99.01","60.42M","-2.20%"
"04/10/2023","102.17","100.96","102.20","99.57","37.26M","0.11%"
"04/06/2023","102.06","100.75","102.38","99.80","43.81M","0.95%"
"04/05/2023","101.10","103.91","103.91","100.75","45.18M","-2.74%"
"04/04/2023","103.95","102.75","104.20","102.11","48.66M","1.50%"
"04/03/2023","102.41","102.30","103.29","101.43","41.14M","-0.85%"
"03/31/2023","103.29","102.16","103.49","101.95","56.75M","1.26%"
"03/30/2023","102.00","101.55","103.04","101.01","53.63M","1.75%"
"03/29/2023","100.25","98.69","100.42","98.56","49.78M","3.10%"
"03/28/2023","97.24","98.11","98.44","96.29","38.72M","-0.82%"
"03/27/2023","98.04","99.07","99.34","97.08","46.72M","-0.09%"
"03/24/2023","98.13","98.07","98.30","96.40","56.14M","-0.59%"
"03/23/2023","98.71","100.43","101.06","97.62","57.56M","0.01%"
"03/22/2023","98.70","100.45","102.10","98.61","57.48M","-1.90%"
"03/21/2023","100.61","98.14","100.85","98.00","58.60M","2.97%"
"03/20/2023","97.71","98.41","98.48","95.70","62.39M","-1.25%"
"03/17/2023","98.95","99.79","100.66","97.46","87.30M","-1.09%"
"03/16/2023","100.04","95.75","100.99","95.61","84.56M","3.99%"
"03/15/2023","96.20","93.22","96.67","93.07","70.73M","1.39%"
"03/14/2023","94.88","93.83","95.07","92.71","60.91M","2.65%"
"03/13/2023","92.43","89.97","94.02","88.12","72.40M","1.87%"
"03/10/2023","90.73","92.67","93.57","90.25","69.83M","-1.65%"
"03/09/2023","92.25","93.68","96.21","92.18","56.22M","-1.78%"
"03/08/2023","93.92","93.60","94.17","92.18","44.90M","0.40%"
"03/07/2023","93.55","94.06","95.09","92.78","49.10M","-0.21%"
"03/06/2023","93.75","95.19","96.54","93.74","52.11M","-1.21%"
"03/03/2023","94.90","92.74","94.94","92.66","55.76M","3.01%"
"03/02/2023","92.13","91.41","92.23","90.39","55.57M","-0.04%"
"03/01/2023","92.17","93.87","94.68","91.59","52.30M","-2.19%"
"02/28/2023","94.23","93.14","94.69","92.92","43.96M","0.50%"
"02/27/2023","93.76","94.28","94.78","93.14","47.47M","0.28%"
"02/24/2023","93.50","93.53","94.14","92.32","57.05M","-2.42%"
"02/23/2023","95.82","96.12","96.43","93.67","48.47M","0.03%"
"02/22/2023","95.79","95.10","97.01","94.80","59.53M","1.28%"
"02/21/2023","94.58","95.33","95.61","94.27","56.58M","-2.70%"
"02/17/2023","97.20","97.80","97.94","95.65","60.03M","-0.97%"
"02/16/2023","98.15","99.21","100.63","98.10","56.34M","-2.98%"
"02/15/2023","101.16","99.09","101.17","98.45","48.05M","1.46%"
"02/14/2023","99.70","98.41","100.92","97.52","56.20M","0.16%"
"02/13/2023","99.54","97.85","99.68","96.91","52.84M","1.98%"
"02/10/2023","97.61","97.56","98.82","96.23","52.74M","-0.64%"
"02/09/2023","98.24","101.32","101.78","97.57","64.62M","-1.81%"
"02/08/2023","100.05","102.04","102.67","98.78","75.88M","-2.02%"
"02/07/2023","102.11","101.17","102.41","98.08","119.50M","-0.07%"
"02/06/2023","102.18","102.93","103.95","100.65","81.95M","-1.17%"
"02/03/2023","103.39","105.26","108.78","102.52","144.37M","-8.43%"
"02/02/2023","112.91","110.25","114.00","108.88","158.15M","7.38%"
"02/01/2023","105.15","102.53","106.24","101.24","80.45M","1.96%"
"01/31/2023","103.13","101.15","103.35","101.14","66.53M","2.57%"
"01/30/2023","100.55","101.09","101.74","99.01","70.69M","-1.65%"
"01/27/2023","102.24","99.53","103.49","99.53","87.78M","3.04%"
"01/26/2023","99.22","98.24","99.49","96.92","68.52M","2.10%"
"01/25/2023","97.18","92.56","97.24","91.52","94.26M","0.89%"
"01/24/2023","96.32","96.93","98.09","96.00","66.93M","-1.23%"
"01/23/2023","97.52","97.56","97.78","95.86","76.50M","0.28%"
"01/20/2023","97.25","93.86","97.35","93.20","67.48M","3.81%"
"01/19/2023","93.68","94.74","95.44","92.86","69.00M","-1.86%"
"01/18/2023","95.46","97.25","99.32","95.38","79.57M","-0.61%"
"01/17/2023","96.05","98.68","98.89","95.73","72.76M","-2.11%"
"01/13/2023","98.12","94.18","98.37","94.12","85.55M","2.99%"
"01/12/2023","95.27","96.93","97.19","93.50","85.25M","0.19%"
"01/11/2023","95.09","90.93","95.26","90.93","103.13M","5.81%"
"01/10/2023","89.87","87.57","90.18","87.29","67.76M","2.87%"
"01/09/2023","87.36","87.46","89.48","87.08","65.27M","1.49%"
"01/06/2023","86.08","83.03","86.40","81.43","83.30M","3.56%"
"01/05/2023","83.12","85.33","85.42","83.07","67.93M","-2.37%"
"01/04/2023","85.14","86.55","86.98","83.36","68.89M","-0.79%"
"01/03/2023","85.82","85.46","86.96","84.21","76.71M","2.17%"
"12/30/2022","84.00","83.12","84.05","82.47","62.40M","-0.21%"
"12/29/2022","84.18","82.87","84.55","82.55","55.00M","2.88%"
"12/28/2022","81.82","82.80","83.48","81.69","58.23M","-1.47%"
"12/27/2022","83.04","84.97","85.35","83.00","57.28M","-2.59%"
"12/23/2022","85.25","83.25","85.78","82.93","57.43M","1.74%"
"12/22/2022","83.79","85.52","85.68","82.25","81.43M","-3.43%"
"12/21/2022","86.77","86.18","87.22","85.21","59.27M","1.85%"
"12/20/2022","85.19","85.33","86.61","84.33","74.35M","0.32%"
"12/19/2022","84.92","87.51","87.63","84.51","83.53M","-3.35%"
"12/16/2022","87.86","88.26","89.35","86.73","146.14M","-0.67%"
"12/15/2022","88.45","89.89","89.97","87.47","84.80M","-3.42%"
"12/14/2022","91.58","92.50","93.46","89.87","70.30M","-0.98%"
"12/13/2022","92.49","95.23","96.25","90.52","100.21M","2.14%"
"12/12/2022","90.55","89.21","90.58","87.87","62.00M","1.64%"
"12/09/2022","89.09","88.90","90.30","88.63","67.40M","-1.39%"
"12/08/2022","90.35","89.24","90.86","87.88","73.31M","2.14%"
"12/07/2022","88.46","88.34","89.89","87.48","68.09M","0.24%"
"12/06/2022","88.25","90.50","91.04","87.90","75.50M","-3.03%"
"12/05/2022","91.01","93.05","94.06","90.82","71.54M","-3.31%"
"12/02/2022","94.13","94.47","95.36","93.78","72.50M","-1.43%"
"12/01/2022","95.50","96.99","97.23","94.92","68.49M","-1.08%"
"11/30/2022","96.54","92.47","96.54","91.53","102.81M","4.46%"
"11/29/2022","92.42","94.04","94.41","91.44","65.57M","-1.63%"
"11/28/2022","93.95","93.93","96.40","93.43","75.06M","0.58%"
"11/25/2022","93.41","93.79","94.43","93.07","35.09M","-0.76%"
"11/23/2022","94.13","93.24","94.58","92.83","59.41M","1.00%"
"11/22/2022","93.20","92.62","93.35","90.87","62.19M","0.80%"
"11/21/2022","92.46","93.97","95.02","90.59","84.33M","-1.78%"
"11/18/2022","94.14","95.95","95.99","92.48","72.43M","-0.75%"
"11/17/2022","94.85","95.37","96.97","94.03","82.62M","-2.34%"
"11/16/2022","97.12","96.85","98.49","95.54","87.96M","-1.84%"
"11/15/2022","98.94","103.21","103.79","97.34","111.34M","0.46%"
"11/14/2022","98.49","98.77","100.12","97.29","99.53M","-2.28%"
"11/11/2022","100.79","97.88","101.19","96.66","111.59M","4.31%"
"11/10/2022","96.63","92.93","98.69","91.65","173.41M","12.18%"
"11/09/2022","86.14","89.47","89.48","85.87","90.80M","-4.27%"
"11/08/2022","89.98","90.79","91.72","88.23","88.70M","-0.61%"
"11/07/2022","90.53","91.95","92.10","89.04","77.50M","-0.49%"
"11/04/2022","90.98","91.49","92.44","88.04","129.10M","1.88%"
"11/03/2022","89.30","92.47","93.50","89.02","136.68M","-3.06%"
"11/02/2022","92.12","97.32","97.74","92.01","135.76M","-4.82%"
"11/01/2022","96.79","103.99","104.58","96.06","153.37M","-5.52%"
"10/31/2022","102.44","103.56","104.87","100.74","99.25M","-0.94%"
"10/28/2022","103.41","97.90","103.96","97.66","223.13M","-6.80%"
"10/27/2022","110.96","113.92","114.12","109.77","129.61M","-4.06%"
"10/26/2022","115.66","116.00","119.35","114.76","69.00M","-4.10%"
"10/25/2022","120.60","119.65","121.32","118.95","50.93M","0.65%"
"10/24/2022","119.82","119.98","120.39","116.57","49.53M","0.42%"
"10/21/2022","119.32","114.79","119.59","114.50","55.66M","3.53%"
"10/20/2022","115.25","113.83","118.24","113.51","48.80M","0.16%"
"10/19/2022","115.07","114.71","116.59","113.22","47.20M","-1.11%"
"10/18/2022","116.36","119.06","119.52","114.79","65.61M","2.26%"
"10/17/2022","113.79","110.11","114.19","110.09","62.78M","6.45%"
"10/14/2022","106.90","114.10","114.96","106.60","67.74M","-5.00%"
"10/13/2022","112.53","107.88","113.44","105.35","86.87M","-0.33%"
"10/12/2022","112.90","112.49","113.83","111.40","45.73M","0.61%"
"10/11/2022","112.21","112.71","115.48","110.39","56.43M","-1.28%"
"10/10/2022","113.67","115.10","116.25","112.43","42.34M","-0.78%"
"10/07/2022","114.56","118.00","118.17","113.88","54.68M","-4.77%"
"10/06/2022","120.30","120.77","121.53","119.50","42.25M","-0.54%"
"10/05/2022","120.95","118.58","121.75","117.69","48.22M","-0.12%"
"10/04/2022","121.09","119.89","123.00","119.79","62.81M","4.50%"
"10/03/2022","115.88","113.58","116.91","112.45","50.94M","2.55%"
"09/30/2022","113.00","114.07","116.92","112.84","59.48M","-1.57%"
"09/29/2022","114.80","115.60","116.07","113.06","58.97M","-2.72%"
"09/28/2022","118.01","114.38","118.70","113.80","55.76M","3.15%"
"09/27/2022","114.41","117.19","118.32","113.05","60.09M","-0.64%"
"09/26/2022","115.15","113.29","117.34","113.13","62.72M","1.20%"
"09/23/2022","113.78","116.00","116.05","112.06","65.13M","-3.01%"
"09/22/2022","117.31","117.08","118.79","116.26","55.23M","-1.04%"
"09/21/2022","118.54","122.49","123.76","118.45","58.50M","-2.99%"
"09/20/2022","122.19","123.35","124.40","121.14","47.70M","-1.98%"
"09/19/2022","124.66","122.16","124.71","121.80","47.28M","0.91%"
"09/16/2022","123.53","122.78","123.87","120.70","115.67M","-2.18%"
"09/15/2022","126.28","127.38","130.37","125.50","52.89M","-1.77%"
"09/14/2022","128.55","127.36","128.84","126.33","45.32M","1.36%"
"09/13/2022","126.82","131.01","131.40","126.27","72.69M","-7.06%"
"09/12/2022","136.45","134.10","136.49","134.00","53.83M","2.39%"
"09/09/2022","133.27","130.91","133.69","130.76","49.42M","2.66%"
"09/08/2022","129.82","127.72","130.28","127.10","43.99M","0.26%"
"09/07/2022","129.48","126.12","129.82","125.40","47.83M","2.67%"
"09/06/2022","126.11","127.92","128.62","124.74","43.89M","-1.10%"
"09/02/2022","127.51","129.50","131.38","126.39","57.43M","-0.24%"
"09/01/2022","127.82","126.00","128.02","123.66","56.64M","0.83%"
"08/31/2022","126.77","129.45","130.59","126.74","53.65M","-1.52%"
"08/30/2022","128.73","131.25","132.07","126.85","49.20M","-0.82%"
"08/29/2022","129.79","129.90","131.95","128.77","48.10M","-0.73%"
"08/26/2022","130.75","136.55","137.83","130.50","53.32M","-4.76%"
"08/25/2022","137.28","135.26","137.42","134.28","37.50M","2.60%"
"08/24/2022","133.80","132.75","135.47","132.10","38.63M","0.13%"
"08/23/2022","133.62","133.41","134.99","132.95","36.25M","0.30%"
"08/22/2022","133.22","135.72","136.32","132.85","50.46M","-3.62%"
"08/19/2022","138.23","140.47","141.11","137.91","47.79M","-2.86%"
"08/18/2022","142.30","141.32","142.77","140.38","37.46M","0.14%"
"08/17/2022","142.10","142.69","143.38","140.78","48.15M","-1.85%"
"08/16/2022","144.78","143.90","146.57","142.00","59.10M","1.12%"
"08/15/2022","143.18","142.80","143.76","141.49","39.01M","-0.26%"
"08/12/2022","143.55","142.05","143.57","140.12","47.64M","2.07%"
"08/11/2022","140.64","143.86","144.49","139.76","44.87M","-1.44%"
"08/10/2022","142.69","142.90","144.60","141.01","54.77M","3.53%"
"08/09/2022","137.83","138.05","138.95","136.21","40.43M","-1.13%"
"08/08/2022","139.41","142.05","144.23","138.29","52.30M","-0.99%"
"08/05/2022","140.80","140.10","142.86","139.60","50.69M","-1.24%"
"08/04/2022","142.57","140.58","143.56","139.55","70.59M","2.19%"
"08/03/2022","139.52","136.21","140.49","136.05","71.83M","4.00%"
"08/02/2022","134.16","134.72","137.44","134.09","61.92M","-0.91%"
"08/01/2022","135.39","134.96","138.83","133.51","76.85M","0.33%"
"07/29/2022","134.95","134.90","137.65","132.41","148.89M","10.36%"
"07/28/2022","122.28","121.57","122.84","118.08","82.25M","1.08%"
"07/27/2022","120.97","117.31","121.90","117.16","61.58M","5.37%"
"07/26/2022","114.81","115.79","118.15","114.53","67.08M","-5.23%"
"07/25/2022","121.14","122.69","123.64","120.03","50.22M","-1.05%"
"07/22/2022","122.42","125.01","125.50","121.35","51.46M","-1.77%"
"07/21/2022","124.63","123.20","124.85","121.26","60.24M","1.52%"
"07/20/2022","122.77","118.61","123.47","118.32","71.27M","3.86%"
"07/19/2022","118.21","115.70","118.95","114.03","60.99M","3.91%"
"07/18/2022","113.76","115.00","117.24","113.15","59.12M","0.18%"
"07/15/2022","113.55","112.50","115.59","111.59","84.32M","2.64%"
"07/14/2022","110.63","110.24","111.18","107.58","51.16M","0.21%"
"07/13/2022","110.40","107.03","111.78","106.01","61.35M","1.08%"
"07/12/2022","109.22","112.16","113.23","108.34","54.28M","-2.26%"
"07/11/2022","111.75","114.08","114.30","110.87","53.54M","-3.28%"
"07/08/2022","115.54","114.60","116.58","113.69","45.72M","-0.68%"
"07/07/2022","116.33","113.85","116.99","113.49","57.87M","1.75%"
"07/06/2022","114.33","113.21","115.48","112.01","66.96M","0.73%"
"07/05/2022","113.50","107.60","114.08","106.32","76.68M","3.60%"
"07/01/2022","109.56","106.29","109.75","105.85","73.02M","3.15%"
"06/30/2022","106.21","108.11","108.18","102.52","97.68M","-2.49%"
"06/29/2022","108.92","107.38","110.99","106.91","66.38M","1.42%"
"06/28/2022","107.40","113.50","114.85","107.04","75.17M","-5.14%"
"06/27/2022","113.22","117.09","117.98","112.70","62.13M","-2.78%"
"06/24/2022","116.46","112.38","116.71","111.43","69.87M","3.58%"
"06/23/2022","112.44","110.39","113.00","107.93","64.35M","3.20%"
"06/22/2022","108.95","107.43","112.13","107.02","60.04M","0.25%"
"06/21/2022","108.68","108.20","111.63","103.56","70.90M","2.32%"
"06/17/2022","106.22","102.80","106.98","102.51","99.77M","2.47%"
"06/16/2022","103.66","104.47","104.58","102.01","82.19M","-3.72%"
"06/15/2022","107.67","103.86","109.06","103.53","85.01M","5.24%"
"06/14/2022","102.31","104.19","104.88","101.43","69.73M","-1.31%"
"06/13/2022","103.67","104.19","106.54","101.86","99.28M","-5.45%"
"06/10/2022","109.65","113.42","114.50","109.05","87.41M","-5.60%"
"06/09/2022","116.15","119.99","121.30","116.10","67.03M","-4.15%"
"06/08/2022","121.18","122.61","123.75","120.75","64.93M","-1.48%"
"06/07/2022","123.00","122.00","124.10","120.63","85.16M","-1.43%"
"06/06/2022","124.79","125.25","128.99","123.81","135.27M","1.99%"
"06/03/2022","122.35","124.20","124.40","121.05","97.60M","-2.52%"
"06/02/2022","125.51","121.68","125.61","120.04","100.56M","3.15%"
"06/01/2022","121.68","122.26","125.18","120.62","127.53M","1.23%"
"05/31/2022","120.21","116.28","121.99","115.68","144.63M","4.40%"
"05/27/2022","115.15","113.55","115.19","112.63","93.66M","3.66%"
"05/26/2022","111.08","107.97","112.67","107.45","93.00M","4.03%"
"05/25/2022","106.78","103.66","108.17","103.65","93.12M","2.57%"
"05/24/2022","104.10","104.03","105.40","101.26","102.93M","-3.21%"
"05/23/2022","107.56","108.46","108.82","103.95","107.80M","-0.03%"
"05/20/2022","107.59","109.57","109.90","105.01","99.50M","0.25%"
"05/19/2022","107.32","106.28","110.03","106.19","88.14M","0.19%"
"05/18/2022","107.11","111.44","112.85","106.25","108.38M","-7.16%"
"05/17/2022","115.37","113.28","115.80","111.28","76.45M","4.11%"
"05/16/2022","110.81","113.10","113.99","110.35","74.57M","-1.99%"
"05/13/2022","113.06","109.07","113.18","107.80","93.68M","5.73%"
"05/12/2022","106.93","102.75","110.78","102.41","132.03M","1.48%"
"05/11/2022","105.37","108.10","110.16","104.43","109.70M","-3.20%"
"05/10/2022","108.86","111.25","112.64","107.17","105.43M","0.06%"
"05/09/2022","108.79","111.31","114.00","107.96","128.12M","-5.21%"
"05/06/2022","114.77","114.85","119.05","113.08","124.26M","-1.40%"
"05/05/2022","116.41","123.00","123.50","115.07","144.39M","-7.56%"
"05/04/2022","125.93","123.60","126.00","119.18","110.75M","1.35%"
"05/03/2022","124.25","124.05","126.22","122.82","79.13M","-0.20%"
"05/02/2022","124.50","122.40","124.67","118.38","148.79M","0.18%"
"04/29/2022","124.28","129.85","130.76","121.63","272.66M","-14.05%"
"04/28/2022","144.60","142.18","145.94","140.30","117.32M","4.65%"
"04/27/2022","138.17","140.19","141.95","135.78","71.34M","-0.88%"
"04/26/2022","139.39","144.80","144.86","138.93","77.53M","-4.58%"
"04/25/2022","146.07","144.02","146.22","142.31","61.88M","1.19%"
"04/22/2022","144.35","148.25","149.62","143.70","73.08M","-2.66%"
"04/21/2022","148.30","154.71","156.74","147.59","63.97M","-3.70%"
"04/20/2022","154.00","157.60","157.60","153.60","59.63M","-2.60%"
"04/19/2022","158.12","152.03","158.65","151.55","54.93M","3.49%"
"04/18/2022","152.79","151.52","154.04","150.25","46.51M","0.71%"
"04/14/2022","151.71","155.39","155.90","151.47","51.60M","-2.47%"
"04/13/2022","155.54","150.02","156.02","149.60","53.39M","3.15%"
"04/12/2022","150.79","153.69","155.10","150.38","55.18M","-0.22%"
"04/11/2022","151.12","152.71","154.14","150.53","52.11M","-2.16%"
"04/08/2022","154.46","156.75","157.37","154.23","46.00M","-2.11%"
"04/07/2022","157.78","158.40","160.08","154.51","68.14M","-0.61%"
"04/06/2022","158.76","161.65","162.20","157.25","79.06M","-3.23%"
"04/05/2022","164.05","167.74","168.11","163.27","53.73M","-2.55%"
"04/04/2022","168.35","164.13","168.39","163.21","50.01M","2.93%"
"04/01/2022","163.56","164.15","165.83","162.32","57.09M","0.35%"
"03/31/2022","163.00","166.44","166.49","162.95","59.97M","-1.99%"
"03/30/2022","166.30","168.51","168.95","165.50","56.17M","-1.78%"
"03/29/2022","169.32","170.38","170.83","167.87","66.15M","0.19%"
"03/28/2022","168.99","164.98","169.04","164.90","59.85M","2.56%"
"03/25/2022","164.77","164.00","165.37","162.25","49.09M","0.69%"
"03/24/2022","163.65","163.75","164.12","160.05","56.80M","0.15%"
"03/23/2022","163.41","163.71","166.37","162.69","55.81M","-0.90%"
"03/22/2022","164.89","161.81","166.17","161.70","64.09M","2.10%"
"03/21/2022","161.49","161.12","163.08","159.55","66.54M","0.15%"
"03/18/2022","161.25","156.81","161.59","156.01","102.96M","2.55%"
"03/17/2022","157.24","152.64","157.50","152.14","72.93M","2.70%"
"03/16/2022","153.10","148.50","153.15","147.35","84.96M","3.89%"
"03/15/2022","147.37","142.85","147.99","142.00","75.58M","3.89%"
"03/14/2022","141.85","145.98","147.45","140.88","74.09M","-2.52%"
"03/11/2022","145.52","149.57","149.68","145.37","68.90M","-0.88%"
"03/10/2022","146.82","145.69","148.67","143.98","135.06M","5.41%"
"03/09/2022","139.28","139.50","140.25","136.83","82.66M","2.40%"
"03/08/2022","136.01","136.68","140.70","133.57","91.66M","-1.05%"
"03/07/2022","137.45","145.44","146.09","137.42","86.93M","-5.62%"
"03/04/2022","145.64","147.16","147.85","143.81","60.98M","-1.53%"
"03/03/2022","147.90","153.53","153.93","146.86","65.20M","-2.73%"
"03/02/2022","152.05","150.85","153.00","148.75","47.33M","0.60%"
"03/01/2022","151.14","152.73","154.10","149.98","44.87M","-1.58%"
"02/28/2022","153.56","152.43","154.45","150.85","57.68M","-0.15%"
"02/25/2022","153.79","150.55","153.99","149.21","62.40M","1.61%"
"02/24/2022","151.36","139.84","151.75","139.50","100.79M","4.51%"
"02/23/2022","144.83","151.65","151.76","144.65","64.24M","-3.58%"
"02/22/2022","150.20","150.48","152.98","148.49","66.13M","-1.57%"
"02/18/2022","152.60","155.50","155.50","150.89","63.60M","-1.33%"
"02/17/2022","154.65","158.15","160.35","154.50","64.03M","-2.18%"
"02/16/2022","158.10","155.79","158.83","154.73","52.70M","1.02%"
"02/15/2022","156.51","157.61","158.01","154.64","56.97M","0.86%"
"02/14/2022","155.17","151.75","158.45","151.65","83.23M","1.23%"
"02/11/2022","153.29","158.13","159.00","152.73","77.10M","-3.59%"
"02/10/2022","159.00","158.35","160.72","157.75","68.27M","-1.36%"
"02/09/2022","161.19","162.87","163.83","160.25","68.79M","-0.14%"
"02/08/2022","161.41","156.75","161.79","155.55","76.04M","2.20%"
"02/07/2022","157.94","158.52","162.69","157.25","102.62M","0.19%"
"02/04/2022","157.64","155.61","161.20","150.61","253.46M","13.53%"
"02/03/2022","138.85","141.74","144.25","138.33","225.53M","-7.81%"
"02/02/2022","150.61","155.05","155.07","148.86","87.33M","-0.38%"
"02/01/2022","151.19","150.00","151.71","147.63","59.22M","1.08%"
"01/31/2022","149.57","144.75","150.36","144.30","78.31M","3.88%"
"01/28/2022","143.98","140.86","144.00","137.93","74.39M","3.11%"
"01/27/2022","139.64","140.80","144.24","139.35","77.52M","0.55%"
"01/26/2022","138.87","144.75","145.18","137.32","95.60M","-0.80%"
"01/25/2022","139.99","142.24","143.60","138.15","90.82M","-3.15%"
"01/24/2022","144.54","139.00","144.94","135.35","156.04M","1.33%"
"01/21/2022","142.64","149.95","150.90","142.07","163.97M","-5.95%"
"01/20/2022","151.67","156.77","158.00","151.35","71.97M","-2.96%"
"01/19/2022","156.30","158.76","159.25","156.25","53.24M","-1.65%"
"01/18/2022","158.92","159.10","159.73","157.66","67.44M","-1.99%"
"01/14/2022","162.14","160.15","162.25","159.80","45.97M","0.58%"
"01/13/2022","161.21","165.25","166.22","161.09","52.19M","-2.42%"
"01/12/2022","165.21","166.57","166.88","164.42","50.03M","-0.09%"
"01/11/2022","165.36","161.50","166.35","160.70","62.81M","2.40%"
"01/10/2022","161.49","160.59","161.66","156.30","87.80M","-0.65%"
"01/07/2022","162.55","163.84","165.24","162.03","46.61M","-0.43%"
"01/06/2022","163.25","163.45","164.80","161.94","51.96M","-0.68%"
"01/05/2022","164.36","166.88","167.13","164.36","64.30M","-1.89%"
"01/04/2022","167.52","170.44","171.40","166.35","70.73M","-1.69%"
"01/03/2022","170.40","167.55","170.70","166.16","63.87M","2.21%"
"12/31/2021","166.72","168.96","169.35","166.56","47.83M","-1.14%"
"12/30/2021","168.64","169.70","170.89","168.52","37.58M","-0.33%"
"12/29/2021","169.20","170.84","171.21","168.60","35.75M","-0.86%"
"12/28/2021","170.66","170.18","172.18","169.14","54.71M","0.58%"
"12/27/2021","169.67","171.04","172.94","169.22","58.85M","-0.82%"
"12/23/2021","171.07","170.43","171.97","170.15","36.79M","0.02%"
"12/22/2021","171.04","169.27","172.05","168.50","55.04M","0.36%"
"12/21/2021","170.42","167.85","170.72","165.65","55.96M","2.00%"
"12/20/2021","167.08","166.85","167.87","165.60","57.37M","-1.73%"
"12/17/2021","170.02","167.71","170.90","165.61","85.76M","0.68%"
"12/16/2021","168.87","173.37","174.17","168.16","60.88M","-2.56%"
"12/15/2021","173.31","168.60","173.60","165.19","75.79M","2.50%"
"12/14/2021","169.09","167.55","169.50","166.44","55.98M","-0.28%"
"12/13/2021","169.57","172.00","172.10","169.13","62.17M","-1.53%"
"12/10/2021","172.21","175.42","175.93","170.50","60.69M","-1.13%"
"12/09/2021","174.17","175.75","176.97","174.14","46.06M","-1.13%"
"12/08/2021","176.16","176.15","177.18","174.75","45.25M","0.00%"
"12/07/2021","176.16","174.60","177.50","173.33","66.41M","2.80%"
"12/06/2021","171.37","169.65","173.70","166.93","68.86M","1.11%"
"12/03/2021","169.49","172.75","173.49","166.93","80.71M","-1.38%"
"12/02/2021","171.87","173.00","174.63","171.19","64.73M","-0.19%"
"12/01/2021","172.19","177.25","177.99","172.08","75.14M","-1.80%"
"11/30/2021","175.35","178.18","179.29","174.60","80.02M","-1.53%"
"11/29/2021","178.08","177.38","179.80","176.58","65.31M","1.63%"
"11/26/2021","175.23","180.10","181.68","175.21","59.83M","-2.12%"
"11/24/2021","179.02","178.13","180.68","176.84","46.56M","0.01%"
"11/23/2021","179.00","179.25","181.05","176.39","73.84M","0.21%"
"11/22/2021","178.63","183.82","185.67","178.38","96.96M","-2.83%"
"11/19/2021","183.83","185.63","188.11","183.79","98.92M","-0.52%"
"11/18/2021","184.80","178.32","185.21","178.05","114.07M","4.14%"
"11/17/2021","177.45","178.24","179.36","177.27","51.21M","0.24%"
"11/16/2021","177.03","176.95","178.82","176.26","44.34M","-0.14%"
"11/15/2021","177.28","176.85","179.69","176.29","58.59M","0.58%"
"11/12/2021","176.26","174.25","177.04","172.35","53.79M","1.52%"
"11/11/2021","173.62","175.65","177.16","173.37","45.29M","-0.28%"
"11/10/2021","174.10","178.19","180.27","173.15","80.55M","-2.63%"
"11/09/2021","178.81","175.76","179.69","175.07","85.90M","2.50%"
"11/08/2021","174.45","176.16","178.95","174.39","61.48M","-0.85%"
"11/05/2021","175.95","173.85","178.31","173.85","99.94M","1.21%"
"11/04/2021","173.85","168.50","174.93","168.25","107.06M","2.75%"
"11/03/2021","169.20","165.45","169.75","164.88","67.94M","2.15%"
"11/02/2021","165.64","165.75","166.56","164.18","52.55M","-0.16%"
"11/01/2021","165.91","168.09","168.79","164.60","72.18M","-1.61%"
"10/29/2021","168.62","165.00","168.74","163.67","129.72M","-2.15%"
"10/28/2021","172.33","170.10","173.95","169.30","114.17M","1.60%"
"10/27/2021","169.62","169.40","171.85","168.57","54.04M","0.49%"
"10/26/2021","168.80","167.48","170.81","167.20","53.97M","1.67%"
"10/25/2021","166.02","166.75","167.39","164.88","44.52M","-0.46%"
"10/22/2021","166.78","171.05","171.49","166.56","62.78M","-2.89%"
"10/21/2021","171.75","170.71","172.01","170.15","37.63M","0.59%"
"10/20/2021","170.75","172.63","173.14","170.02","42.80M","-0.85%"
"10/19/2021","172.21","171.71","172.73","171.10","47.72M","-0.08%"
"10/18/2021","172.34","169.42","172.46","169.25","63.48M","1.11%"
"10/15/2021","170.45","165.57","170.52","165.20","103.60M","3.31%"
"10/14/2021","164.99","165.12","165.63","164.54","42.24M","0.48%"
"10/13/2021","164.21","163.49","164.42","163.05","48.50M","1.13%"
"10/12/2021","162.37","162.85","163.38","161.81","36.39M","0.04%"
"10/11/2021","162.31","163.75","164.63","161.91","40.68M","-1.29%"
"10/08/2021","164.43","165.85","166.07","164.41","39.96M","-0.42%"
"10/07/2021","165.12","164.58","166.29","164.15","48.18M","1.24%"
"10/06/2021","163.10","160.68","163.22","159.93","50.66M","1.27%"
"10/05/2021","161.05","160.22","163.04","160.12","65.38M","0.98%"
"10/04/2021","159.49","163.97","164.00","158.81","90.46M","-2.84%"
"10/01/2021","164.16","164.45","165.46","162.80","56.71M","-0.05%"
"09/30/2021","164.25","165.80","166.39","163.70","56.94M","-0.49%"
"09/29/2021","165.06","166.11","167.56","164.89","51.25M","-0.45%"
"09/28/2021","165.80","167.89","168.46","164.51","88.62M","-2.64%"
"09/27/2021","170.29","168.57","170.78","166.98","72.69M","-0.58%"
"09/24/2021","171.28","170.10","171.46","169.67","42.32M","0.28%"
"09/23/2021","170.80","169.00","171.45","169.00","47.59M","1.07%"
"09/22/2021","169.00","167.55","169.45","167.05","48.23M","1.09%"
"09/21/2021","167.18","168.75","168.99","166.62","55.62M","-0.36%"
"09/20/2021","167.79","169.80","170.95","165.25","93.38M","-3.08%"
"09/17/2021","173.13","174.42","174.87","172.61","92.33M","-0.73%"
"09/16/2021","174.41","173.00","174.63","172.31","51.67M","0.36%"
"09/15/2021","173.79","172.13","174.27","170.10","59.15M","0.75%"
"09/14/2021","172.50","173.78","174.34","171.89","38.74M","-0.21%"
"09/13/2021","172.86","174.14","174.90","171.90","51.38M","-0.35%"
"09/10/2021","173.46","175.09","175.42","173.15","47.95M","-0.43%"
"09/09/2021","174.21","176.30","177.50","174.02","54.38M","-1.17%"
"09/08/2021","176.28","175.58","177.28","174.78","61.07M","0.47%"
"09/07/2021","175.46","173.90","176.40","173.85","54.82M","0.90%"
"09/03/2021","173.90","172.60","174.13","171.82","51.57M","0.43%"
"09/02/2021","173.16","174.74","175.60","172.75","58.51M","-0.45%"
"09/01/2021","173.95","174.82","176.35","173.76","72.60M","0.24%"
"08/31/2021","173.54","171.24","173.63","169.78","87.13M","1.44%"
"08/30/2021","171.08","167.87","172.25","167.76","63.84M","2.15%"
"08/27/2021","167.48","166.66","167.62","165.69","48.05M","1.01%"
"08/26/2021","165.80","164.95","166.60","164.80","41.98M","0.51%"
"08/25/2021","164.96","165.49","166.05","164.31","33.61M","-0.20%"
"08/24/2021","165.29","164.00","165.77","163.73","51.04M","1.22%"
"08/23/2021","163.29","160.59","164.04","160.50","65.36M","2.06%"
"08/20/2021","160.00","160.19","160.39","158.79","67.17M","0.38%"
"08/19/2021","159.39","159.70","161.65","159.12","75.66M","-0.42%"
"08/18/2021","160.06","162.10","162.70","160.00","56.09M","-1.26%"
"08/17/2021","162.10","163.88","164.02","161.28","67.76M","-1.73%"
"08/16/2021","164.95","164.15","165.00","160.56","66.57M","0.15%"
"08/13/2021","164.70","165.28","165.30","164.15","41.13M","-0.29%"
"08/12/2021","165.18","164.50","165.73","163.48","46.48M","0.35%"
"08/11/2021","164.61","166.57","166.88","163.89","58.94M","-0.86%"
"08/10/2021","166.03","167.25","167.90","165.75","48.25M","-0.63%"
"08/09/2021","167.09","167.18","167.74","166.43","42.96M","-0.10%"
"08/06/2021","167.25","168.75","168.75","166.45","52.75M","-0.92%"
"08/05/2021","168.80","167.81","169.45","167.05","48.67M","0.63%"
"08/04/2021","167.74","168.97","169.44","167.28","43.68M","-0.34%"
"08/03/2021","168.31","167.04","169.55","164.99","83.15M","1.04%"
"08/02/2021","166.57","167.66","167.95","165.85","67.08M","0.11%"
"07/30/2021","166.38","167.40","168.41","165.35","199.31M","-7.57%"
"07/29/2021","180.00","181.39","181.90","179.00","110.40M","-0.84%"
"07/28/2021","181.52","181.69","182.92","180.05","59.99M","0.11%"
"07/27/2021","181.32","184.93","184.93","179.31","82.64M","-1.98%"
"07/26/2021","184.99","183.66","185.60","182.36","58.00M","1.18%"
"07/23/2021","182.83","182.00","183.31","181.10","48.73M","0.51%"
"07/22/2021","181.90","179.36","182.00","179.11","65.31M","1.47%"
"07/21/2021","179.26","178.82","179.32","177.18","46.38M","0.34%"
"07/20/2021","178.66","178.37","179.60","175.90","65.11M","0.66%"
"07/19/2021","177.48","176.63","177.51","174.96","75.69M","-0.67%"
"07/16/2021","178.68","181.67","182.30","178.52","80.87M","-1.59%"
"07/15/2021","181.56","184.71","184.77","181.05","63.71M","-1.37%"
"07/14/2021","184.08","185.44","185.88","183.04","65.93M","0.11%"
"07/13/2021","183.87","185.10","188.65","183.57","76.92M","-1.11%"
"07/12/2021","185.93","187.20","187.86","184.84","51.43M","-0.02%"
"07/09/2021","185.97","186.13","187.40","184.67","74.96M","-0.32%"
"07/08/2021","186.57","182.18","188.00","181.06","103.61M","0.94%"
"07/07/2021","184.83","185.87","186.71","183.95","106.56M","0.57%"
"07/06/2021","183.79","176.51","184.27","176.45","134.90M","4.69%"
"07/02/2021","175.55","172.58","175.59","171.85","63.53M","2.27%"
"07/01/2021","171.65","171.73","172.85","170.47","40.74M","-0.21%"
"06/30/2021","172.01","172.05","173.58","171.75","48.08M","-0.23%"
"06/29/2021","172.41","171.94","172.80","171.15","41.97M","0.13%"
"06/28/2021","172.19","170.80","172.40","170.68","44.86M","1.25%"
"06/25/2021","170.07","173.20","173.24","169.71","78.82M","-1.38%"
"06/24/2021","172.45","175.38","176.24","171.54","76.64M","-1.56%"
"06/23/2021","175.19","175.25","176.05","174.16","56.27M","-0.05%"
"06/22/2021","175.27","172.90","176.19","172.80","66.90M","1.49%"
"06/21/2021","172.70","173.82","174.10","171.70","65.54M","-0.94%"
"06/18/2021","174.34","174.00","175.35","173.69","104.95M","-0.07%"
"06/17/2021","174.46","170.16","174.86","170.05","102.73M","2.17%"
"06/16/2021","170.76","169.60","171.32","168.03","84.06M","0.95%"
"06/15/2021","169.16","169.20","169.85","168.16","48.52M","-0.02%"
"06/14/2021","169.19","167.34","169.25","166.78","51.39M","1.11%"
"06/11/2021","167.34","167.48","168.33","166.67","56.35M","-0.08%"
"06/10/2021","167.48","164.10","167.55","164.06","69.53M","2.08%"
"06/09/2021","164.06","163.64","164.88","163.53","49.11M","0.52%"
"06/08/2021","163.21","161.13","163.98","160.90","68.33M","2.07%"
"06/07/2021","159.90","159.87","160.40","158.61","44.32M","-0.26%"
"06/04/2021","160.31","160.60","161.05","159.94","44.99M","0.60%"
"06/03/2021","159.35","160.21","160.72","159.20","47.97M","-1.45%"
"06/02/2021","161.70","161.16","161.75","160.40","40.29M","0.48%"
"06/01/2021","160.93","162.17","162.55","160.45","48.60M","-0.14%"
"05/28/2021","161.15","162.10","162.40","160.99","46.63M","-0.22%"
"05/27/2021","161.51","162.80","163.02","161.50","51.22M","-1.07%"
"05/26/2021","163.26","163.73","164.79","162.93","47.68M","0.19%"
"05/25/2021","162.95","163.33","163.99","160.69","65.22M","0.43%"
"05/24/2021","162.25","160.78","162.90","160.52","48.46M","1.31%"
"05/21/2021","160.15","162.50","162.83","159.85","82.10M","-1.37%"
"05/20/2021","162.38","162.22","162.98","161.81","52.66M","0.49%"
"05/19/2021","161.59","159.75","161.74","159.20","53.59M","-0.01%"
"05/18/2021","161.61","164.63","165.60","161.52","56.57M","-1.17%"
"05/17/2021","163.52","162.30","164.64","161.73","74.48M","1.47%"
"05/14/2021","161.15","159.28","161.44","159.15","66.50M","1.95%"
"05/13/2021","158.07","159.27","160.19","156.65","67.14M","0.30%"
"05/12/2021","157.60","159.25","160.40","156.66","98.73M","-2.23%"
"05/11/2021","161.20","156.81","161.90","156.37","92.40M","1.05%"
"05/10/2021","159.52","164.12","164.15","159.50","116.77M","-3.07%"
"05/07/2021","164.58","165.95","166.54","164.45","94.21M","-0.45%"
"05/06/2021","165.32","163.50","165.72","162.36","88.95M","1.09%"
"05/05/2021","163.53","166.94","167.73","163.22","74.23M","-1.24%"
"05/04/2021","165.59","167.81","168.40","163.61","108.79M","-2.20%"
"05/03/2021","169.32","174.24","174.33","168.64","117.51M","-2.34%"
"04/30/2021","173.37","176.26","177.70","173.12","140.19M","-0.12%"
"04/29/2021","173.57","175.25","175.72","171.75","153.65M","0.37%"
"04/28/2021","172.93","171.74","174.49","171.25","92.64M","1.21%"
"04/27/2021","170.87","172.17","173.00","169.90","76.54M","0.25%"
"04/26/2021","170.45","167.40","171.42","166.55","97.61M","2.04%"
"04/23/2021","167.04","165.96","168.75","165.43","63.93M","0.96%"
"04/22/2021","165.45","168.58","168.64","165.07","51.61M","-1.58%"
"04/21/2021","168.10","165.80","168.14","165.19","44.22M","0.82%"
"04/20/2021","166.73","168.68","169.15","165.80","52.46M","-1.11%"
"04/19/2021","168.60","169.52","171.80","168.01","54.51M","-0.81%"
"04/16/2021","169.97","169.00","170.34","167.78","63.72M","0.60%"
"04/15/2021","168.95","168.55","169.85","167.60","64.67M","1.38%"
"04/14/2021","166.65","170.20","170.21","166.30","62.90M","-1.97%"
"04/13/2021","170.00","170.04","171.60","169.78","66.32M","0.61%"
"04/12/2021","168.97","167.76","169.75","167.56","65.64M","0.21%"
"04/09/2021","168.61","165.24","168.61","164.44","86.83M","2.21%"
"04/08/2021","164.97","165.54","166.22","164.60","56.24M","0.61%"
"04/07/2021","163.97","161.69","165.18","161.18","66.92M","1.72%"
"04/06/2021","161.19","161.19","162.37","160.85","50.76M","-0.09%"
"04/05/2021","161.34","158.65","161.80","158.06","66.70M","2.08%"
"04/01/2021","158.05","155.90","158.12","155.78","58.81M","2.17%"
"03/31/2021","154.70","153.20","155.97","153.12","61.88M","1.27%"
"03/30/2021","152.76","153.50","153.65","151.70","46.75M","-0.67%"
"03/29/2021","153.79","152.77","154.56","151.42","54.92M","0.78%"
"03/26/2021","152.60","152.20","152.83","149.80","66.26M","0.19%"
"03/25/2021","152.31","153.65","155.49","151.86","71.27M","-1.32%"
"03/24/2021","154.35","157.55","158.02","154.26","59.18M","-1.61%"
"03/23/2021","156.88","156.35","159.10","156.04","76.35M","0.86%"
"03/22/2021","155.54","153.39","156.33","153.00","58.04M","1.16%"
"03/19/2021","153.75","151.46","153.86","150.83","92.51M","1.55%"
"03/18/2021","151.40","155.05","155.83","151.25","73.14M","-3.44%"
"03/17/2021","156.79","153.66","158.65","153.51","62.37M","1.42%"
"03/16/2021","154.59","155.25","156.45","153.79","50.78M","0.33%"
"03/15/2021","154.08","153.73","154.11","151.60","58.37M","-0.25%"
"03/12/2021","154.47","153.75","154.95","152.28","48.44M","-0.78%"
"03/11/2021","155.68","155.20","156.59","154.15","55.53M","1.83%"
"03/10/2021","152.88","154.92","155.82","151.50","60.25M","-0.17%"
"03/09/2021","153.14","150.90","154.55","150.26","80.60M","3.75%"
"03/08/2021","147.60","150.75","153.23","147.57","83.70M","-1.61%"
"03/05/2021","150.02","150.25","150.45","144.05","107.77M","0.77%"
"03/04/2021","148.88","150.60","152.91","147.27","109.63M","-0.91%"
"03/03/2021","150.25","154.06","155.39","149.75","79.77M","-2.90%"
"03/02/2021","154.73","157.17","158.18","154.36","51.92M","-1.64%"
"03/01/2021","157.31","156.39","157.48","154.90","54.68M","1.72%"
"02/26/2021","154.65","154.76","156.12","151.84","85.52M","1.17%"
"02/25/2021","152.86","156.84","158.91","152.39","90.68M","-3.24%"
"02/24/2021","157.98","158.34","158.56","156.27","60.23M","-1.09%"
"02/23/2021","159.72","156.35","160.24","154.68","93.54M","0.43%"
"02/22/2021","159.04","160.41","161.62","158.61","70.31M","-2.13%"
"02/19/2021","162.50","166.41","166.68","162.29","86.10M","-2.35%"
"02/18/2021","166.41","164.12","166.90","163.70","60.67M","0.59%"
"02/17/2021","165.43","163.18","166.05","162.97","66.04M","1.21%"
"02/16/2021","163.45","162.70","165.41","162.68","51.49M","-0.27%"
"02/12/2021","163.89","162.50","164.01","161.67","46.71M","0.48%"
"02/11/2021","163.11","164.60","164.60","162.40","46.03M","-0.74%"
"02/10/2021","164.33","165.70","165.90","162.70","63.03M","-0.56%"
"02/09/2021","165.25","165.62","166.90","164.89","44.07M","-0.54%"
"02/08/2021","166.15","167.93","168.25","165.20","65.15M","-0.87%"
"02/05/2021","167.61","165.95","168.85","165.14","72.42M","0.64%"
"02/04/2021","166.55","166.50","167.35","163.89","73.41M","0.56%"
"02/03/2021","165.63","171.25","171.70","165.43","141.78M","-1.99%"
"02/02/2021","169.00","169.00","171.39","168.06","141.97M","1.11%"
"02/01/2021","167.14","162.12","167.51","161.75","83.20M","4.26%"
"01/29/2021","160.31","161.50","161.85","159.23","85.87M","-0.97%"
"01/28/2021","161.88","161.75","165.08","161.43","62.98M","0.15%"
"01/27/2021","161.63","167.07","167.33","160.35","93.20M","-2.81%"
"01/26/2021","166.31","164.82","166.90","164.14","59.10M","0.98%"
"01/25/2021","164.70","166.43","168.19","162.16","75.00M","0.05%"
"01/22/2021","164.61","165.22","166.10","164.16","56.44M","-0.45%"
"01/21/2021","165.35","164.65","167.43","164.48","98.90M","1.34%"
"01/20/2021","163.17","159.10","163.99","158.75","106.20M","4.57%"
"01/19/2021","156.04","155.35","157.25","154.80","66.10M","0.53%"
"01/15/2021","155.21","156.15","157.13","154.76","84.88M","-0.74%"
"01/14/2021","156.37","158.38","158.90","156.03","61.42M","-1.21%"
"01/13/2021","158.29","156.42","159.50","156.10","66.42M","1.44%"
"01/12/2021","156.04","156.00","157.11","154.30","70.29M","0.21%"
"01/11/2021","155.71","157.40","157.82","155.50","73.38M","-2.15%"
"01/08/2021","159.13","159.00","159.53","157.11","70.75M","0.65%"
"01/07/2021","158.11","157.85","160.43","157.75","70.29M","0.76%"
"01/06/2021","156.92","157.32","159.88","156.56","87.90M","-2.49%"
"01/05/2021","160.93","158.30","161.17","158.25","53.11M","1.00%"
"01/04/2021","159.33","163.50","163.60","157.20","88.23M","-2.16%"
"12/31/2020","162.85","163.75","164.15","162.06","59.14M","-0.88%"
"12/30/2020","164.29","167.05","167.10","164.12","64.19M","-1.09%"
"12/29/2020","166.10","165.50","167.53","164.06","97.46M","1.16%"
"12/28/2020","164.20","159.70","165.20","158.63","113.74M","3.51%"
"12/24/2020","158.63","159.69","160.10","158.45","29.04M","-0.40%"
"12/23/2020","159.26","160.25","160.51","159.21","41.88M","-0.67%"
"12/22/2020","160.33","160.14","161.10","159.00","47.64M","0.01%"
"12/21/2020","160.31","160.00","161.35","158.30","76.74M","0.14%"
"12/18/2020","160.08","162.20","162.47","158.58","119.91M","-1.06%"
"12/17/2020","161.80","162.50","163.18","161.05","69.49M","-0.15%"
"12/16/2020","162.05","158.80","162.35","158.18","88.55M","2.39%"
"12/15/2020","158.26","159.05","159.42","156.52","66.47M","0.26%"
"12/14/2020","157.85","157.15","159.52","156.30","83.12M","1.30%"
"12/11/2020","155.82","154.83","155.93","153.64","61.29M","0.48%"
"12/10/2020","155.07","154.45","157.10","153.80","60.60M","-0.09%"
"12/09/2020","155.21","158.39","158.72","154.40","82.02M","-2.30%"
"12/08/2020","158.86","157.94","159.21","156.00","65.73M","0.61%"
"12/07/2020","157.90","157.82","159.04","157.08","55.03M","-0.15%"
"12/04/2020","158.13","159.91","159.91","157.94","58.27M","-0.76%"
"12/03/2020","159.34","160.27","161.43","159.07","57.84M","-0.52%"
"12/02/2020","160.18","161.08","161.60","158.66","62.59M","-0.51%"
"12/01/2020","161.00","159.43","162.45","157.86","90.89M","1.64%"
"11/30/2020","158.40","160.42","161.42","156.28","81.28M","-0.86%"
"11/27/2020","159.77","160.56","160.81","159.50","47.86M","0.33%"
"11/25/2020","159.25","157.09","159.90","157.01","75.81M","2.15%"
"11/24/2020","155.90","155.03","156.71","154.31","72.04M","0.63%"
"11/23/2020","154.92","155.83","156.99","153.27","94.18M","-0.03%"
"11/20/2020","154.97","155.85","156.64","154.90","67.60M","-0.56%"
"11/19/2020","155.85","155.27","156.25","154.05","60.21M","0.37%"
"11/18/2020","155.27","156.70","157.00","155.25","58.34M","-0.96%"
"11/17/2020","156.78","159.18","159.46","156.76","68.89M","0.15%"
"11/16/2020","156.55","154.66","157.13","153.63","76.17M","0.07%"
"11/13/2020","156.44","156.10","157.09","154.27","75.25M","0.60%"
"11/12/2020","155.51","158.00","158.79","154.30","87.42M","-0.87%"
"11/11/2020","156.87","153.09","156.96","152.50","87.34M","3.37%"
"11/10/2020","151.75","154.75","155.70","150.97","131.82M","-3.46%"
"11/09/2020","157.19","161.55","164.45","155.61","143.81M","-5.06%"
"11/06/2020","165.57","165.23","166.10","161.60","92.95M","-0.32%"
"11/05/2020","166.10","166.00","168.34","164.44","115.79M","2.49%"
"11/04/2020","162.06","158.00","162.24","156.99","136.78M","6.32%"
"11/03/2020","152.42","150.93","153.75","149.05","97.96M","1.46%"
"11/02/2020","150.22","153.09","153.99","147.51","145.15M","-1.05%"
"10/30/2020","151.81","157.89","158.35","150.95","167.92M","-5.44%"
"10/29/2020","160.55","160.06","162.86","158.20","131.93M","1.52%"
"10/28/2020","158.14","162.47","163.20","158.12","111.77M","-3.76%"
"10/27/2020","164.32","161.25","164.58","160.56","85.82M","2.48%"
"10/26/2020","160.35","159.94","164.15","157.66","118.02M","0.08%"
"10/23/2020","160.22","159.55","160.27","157.00","69.33M","0.88%"
"10/22/2020","158.82","159.49","159.94","156.10","84.24M","-0.27%"
"10/21/2020","159.25","160.62","161.69","158.00","91.85M","-0.99%"
"10/20/2020","160.85","161.11","163.30","159.60","90.19M","0.31%"
"10/19/2020","160.36","164.98","166.45","159.64","104.47M","-2.00%"
"10/16/2020","163.64","168.16","169.98","158.00","129.49M","-1.97%"
"10/15/2020","166.93","164.60","167.79","164.00","104.47M","-0.75%"
"10/14/2020","168.19","172.35","173.24","167.00","116.58M","-2.32%"
"10/13/2020","172.18","173.40","174.62","171.21","114.89M","0.02%"
"10/12/2020","172.15","167.50","174.81","166.98","167.28M","4.76%"
"10/09/2020","164.33","160.50","164.45","159.89","98.16M","3.01%"
"10/08/2020","159.53","161.25","161.66","158.75","63.48M","-0.16%"
"10/07/2020","159.78","156.75","160.00","156.62","86.19M","3.08%"
"10/06/2020","155.00","158.25","159.10","154.50","101.74M","-3.10%"
"10/05/2020","159.96","157.29","160.13","157.04","75.51M","2.37%"
"10/02/2020","156.25","157.68","159.79","156.15","112.26M","-2.99%"
"10/01/2020","161.06","160.40","161.20","158.60","99.44M","2.30%"
"09/30/2020","157.44","157.06","160.64","156.70","97.92M","0.13%"
"09/29/2020","157.24","158.77","159.41","156.63","70.07M","-0.92%"
"09/28/2020","158.70","157.44","158.75","155.86","84.48M","2.55%"
"09/25/2020","154.76","152.74","155.08","149.95","92.30M","2.50%"
"09/24/2020","150.99","148.89","153.47","148.25","110.59M","0.67%"
"09/23/2020","149.99","156.02","156.35","149.62","113.05M","-4.13%"
"09/22/2020","156.45","151.69","156.70","150.01","138.98M","5.70%"
"09/21/2020","148.02","145.32","148.10","143.55","122.36M","0.18%"
"09/18/2020","147.75","151.59","151.89","145.28","177.85M","-1.79%"
"09/17/2020","150.44","150.46","151.47","148.63","128.98M","-2.25%"
"09/16/2020","153.91","159.00","159.36","153.71","90.62M","-2.47%"
"09/15/2020","157.81","156.81","158.75","155.45","80.43M","1.71%"
"09/14/2020","155.15","158.65","159.37","154.80","90.59M","-0.42%"
"09/11/2020","155.81","160.43","160.87","154.20","101.88M","-1.86%"
"09/10/2020","158.76","165.36","167.49","158.53","106.61M","-2.86%"
"09/09/2020","163.43","160.15","165.16","159.25","103.77M","3.77%"
"09/08/2020","157.49","157.20","162.54","156.50","121.88M","-4.40%"
"09/04/2020","164.73","165.90","169.07","155.56","175.64M","-2.18%"
"09/03/2020","168.40","174.25","174.42","165.15","163.22M","-4.63%"
"09/02/2020","176.57","177.35","177.61","174.33","78.63M","0.92%"
"09/01/2020","174.96","174.48","175.69","173.35","69.53M","1.40%"
"08/31/2020","172.55","170.45","174.75","170.25","83.72M","1.45%"
"08/28/2020","170.09","171.15","171.67","169.32","57.94M","0.05%"
"08/27/2020","170.00","172.50","172.65","168.90","85.30M","-1.21%"
"08/26/2020","172.09","167.56","172.59","167.23","130.17M","2.85%"
"08/25/2020","167.32","164.75","167.87","163.35","79.86M","1.18%"
"08/24/2020","165.37","165.51","169.02","162.88","93.33M","0.69%"
"08/21/2020","164.24","164.75","165.72","163.77","71.52M","-0.38%"
"08/20/2020","164.87","162.60","165.63","161.90","66.65M","1.13%"
"08/19/2020","163.02","165.15","165.79","162.80","83.70M","-1.57%"
"08/18/2020","165.62","160.60","166.00","160.29","106.92M","4.08%"
"08/17/2020","159.12","158.66","159.75","157.71","53.82M","1.09%"
"08/14/2020","157.40","158.91","158.91","156.00","55.03M","-0.41%"
"08/13/2020","158.05","159.15","160.88","157.75","62.98M","-0.04%"
"08/12/2020","158.11","155.40","158.72","155.07","70.54M","2.65%"
"08/11/2020","154.03","155.66","157.96","153.65","74.36M","-2.15%"
"08/10/2020","157.41","158.52","158.63","155.08","63.35M","-0.61%"
"08/07/2020","158.37","161.20","162.04","157.03","78.72M","-1.79%"
"08/06/2020","161.25","159.72","162.37","158.27","78.81M","0.62%"
"08/05/2020","160.25","157.19","160.68","156.37","78.60M","2.11%"
"08/04/2020","156.94","155.06","158.36","155.06","93.89M","0.87%"
"08/03/2020","155.59","159.03","159.20","155.20","101.49M","-1.67%"
"07/31/2020","158.23","162.20","162.34","157.55","161.67M","3.70%"
"07/30/2020","152.59","150.70","154.60","150.25","122.57M","0.60%"
"07/29/2020","151.68","151.55","151.96","149.84","59.48M","1.11%"
"07/28/2020","150.02","152.71","153.85","149.79","62.53M","-1.79%"
"07/27/2020","152.76","153.10","154.90","150.79","83.41M","1.54%"
"07/24/2020","150.45","146.50","151.58","144.40","112.65M","0.75%"
"07/23/2020","149.33","154.91","154.91","148.50","113.14M","-3.66%"
"07/22/2020","155.00","156.25","157.50","153.26","82.08M","-1.22%"
"07/21/2020","156.91","161.62","162.03","155.29","122.70M","-1.83%"
"07/20/2020","159.84","150.01","160.07","149.70","151.96M","7.93%"
"07/17/2020","148.10","150.45","151.20","147.42","95.23M","-1.27%"
"07/16/2020","150.00","148.55","151.60","145.91","127.88M","-0.29%"
"07/15/2020","150.44","154.01","154.92","148.66","115.78M","-2.44%"
"07/14/2020","154.20","154.45","156.37","147.50","144.64M","-0.64%"
"07/13/2020","155.20","162.55","167.21","153.42","154.41M","-3.00%"
"07/10/2020","160.00","159.59","160.75","156.78","109.72M","0.55%"
"07/09/2020","159.13","155.80","159.69","153.70","127.77M","3.29%"
"07/08/2020","154.06","151.13","154.20","150.62","100.75M","2.70%"
"07/07/2020","150.01","152.93","153.48","149.50","105.15M","-1.86%"
"07/06/2020","152.85","146.75","152.99","146.50","137.61M","5.77%"
"07/02/2020","144.51","145.60","147.78","143.56","131.87M","0.40%"
"07/01/2020","143.94","137.90","144.75","137.70","127.27M","4.35%"
"06/30/2020","137.94","134.25","138.48","133.75","75.39M","2.92%"
"06/29/2020","134.02","134.50","134.84","131.50","84.47M","-0.46%"
"06/26/2020","134.64","138.75","139.13","134.40","130.02M","-2.24%"
"06/25/2020","137.73","136.98","137.81","135.61","59.37M","0.74%"
"06/24/2020","136.72","139.00","139.80","136.05","90.53M","-1.09%"
"06/23/2020","138.22","136.30","139.16","135.90","84.63M","1.86%"
"06/22/2020","135.69","134.22","135.75","133.45","64.18M","1.45%"
"06/19/2020","133.75","133.90","134.87","132.95","115.54M","0.79%"
"06/18/2020","132.70","132.35","132.98","131.81","49.76M","0.49%"
"06/17/2020","132.05","132.38","132.75","131.59","59.19M","0.99%"
"06/16/2020","130.76","131.00","131.00","128.80","71.91M","1.66%"
"06/15/2020","128.63","126.33","129.20","125.40","77.47M","1.08%"
"06/12/2020","127.25","130.06","131.07","125.17","108.72M","-0.51%"
"06/11/2020","127.90","130.18","133.57","126.81","116.00M","-3.38%"
"06/10/2020","132.37","132.25","136.12","131.31","98.92M","1.79%"
"06/09/2020","130.04","126.47","131.32","126.25","103.52M","3.04%"
"06/08/2020","126.20","125.01","126.50","124.37","79.41M","1.65%"
"06/05/2020","124.15","122.23","124.43","121.86","66.13M","0.91%"
"06/04/2020","123.03","123.87","125.38","122.50","58.97M","-0.72%"
"06/03/2020","123.92","123.40","124.40","123.06","53.42M","0.24%"
"06/02/2020","123.62","123.35","123.68","122.27","50.60M","0.06%"
"06/01/2020","123.55","122.40","123.85","122.21","58.76M","1.17%"
"05/29/2020","122.12","120.80","122.12","119.91","70.59M","1.72%"
"05/28/2020","120.06","119.22","121.85","118.91","63.86M","-0.38%"
"05/27/2020","120.52","120.25","120.68","116.50","101.14M","-0.47%"
"05/26/2020","121.09","122.90","123.10","120.70","71.36M","-0.62%"
"05/22/2020","121.84","122.75","123.49","121.51","57.34M","-0.41%"
"05/21/2020","122.34","125.00","126.27","122.13","102.29M","-2.05%"
"05/20/2020","124.90","123.89","125.00","123.36","79.96M","1.98%"
"05/19/2020","122.47","121.49","124.25","121.45","86.41M","0.96%"
"05/18/2020","121.31","120.22","121.65","119.20","87.33M","0.68%"
"05/15/2020","120.49","118.43","120.55","117.82","84.70M","0.88%"
"05/14/2020","119.44","118.05","119.57","117.66","72.96M","0.88%"
"05/13/2020","118.40","118.34","120.39","116.89","95.66M","0.47%"
"05/12/2020","117.85","120.59","120.95","117.75","61.50M","-2.16%"
"05/11/2020","120.45","118.73","120.98","118.61","65.18M","1.24%"
"05/08/2020","118.98","118.61","119.36","117.85","64.22M","0.51%"
"05/07/2020","118.38","118.74","118.80","117.16","67.93M","0.70%"
"05/06/2020","117.56","116.47","117.87","116.00","62.36M","1.44%"
"05/05/2020","115.89","117.00","117.55","115.36","64.85M","0.08%"
"05/04/2020","115.80","112.82","116.35","112.82","97.32M","1.31%"
"05/01/2020","114.30","116.84","118.12","112.91","195.45M","-7.60%"
"04/30/2020","123.70","120.99","123.75","119.80","190.69M","4.27%"
"04/29/2020","118.64","116.50","119.59","115.50","91.83M","2.54%"
"04/28/2020","115.70","118.61","118.67","115.30","105.39M","-2.61%"
"04/27/2020","118.80","122.16","122.24","118.15","112.91M","-1.42%"
"04/24/2020","120.51","120.85","121.02","119.10","76.64M","0.45%"
"04/23/2020","119.97","120.00","121.21","119.10","101.33M","1.52%"
"04/22/2020","118.17","118.45","119.70","117.55","84.37M","1.51%"
"04/21/2020","116.41","120.83","121.42","113.98","149.53M","-2.73%"
"04/20/2020","119.68","119.50","122.25","119.30","115.41M","0.78%"
"04/17/2020","118.75","118.62","120.00","115.80","158.60M","-1.38%"
"04/16/2020","120.41","117.30","123.05","116.75","240.76M","4.36%"
"04/15/2020","115.38","112.88","116.67","112.25","137.33M","1.06%"
"04/14/2020","114.17","110.02","114.60","109.31","161.74M","5.28%"
"04/13/2020","108.44","102.00","109.00","101.90","134.33M","6.17%"
"04/09/2020","102.14","102.22","102.65","100.88","93.11M","-0.01%"
"04/08/2020","102.15","101.05","102.20","100.56","79.55M","1.56%"
"04/07/2020","100.58","100.86","101.79","99.88","102.28M","0.70%"
"04/06/2020","99.88","96.80","99.93","96.50","115.46M","4.77%"
"04/03/2020","95.33","95.56","96.32","94.46","72.20M","-0.64%"
"04/02/2020","95.94","95.08","96.38","94.50","86.72M","0.58%"
"04/01/2020","95.39","96.65","97.25","94.65","82.44M","-2.15%"
"03/31/2020","97.49","98.22","99.65","97.20","102.47M","-0.72%"
"03/30/2020","98.20","96.14","98.68","95.62","122.52M","3.37%"
"03/27/2020","95.00","96.54","96.99","95.00","107.76M","-2.83%"
"03/26/2020","97.77","95.10","97.82","94.46","124.70M","3.69%"
"03/25/2020","94.29","96.03","97.51","94.29","129.58M","-2.79%"
"03/24/2020","97.00","97.57","97.75","95.02","142.94M","1.96%"
"03/23/2020","95.14","91.39","95.97","90.60","156.17M","3.08%"
"03/20/2020","92.30","96.32","97.85","91.04","196.36M","-1.86%"
"03/19/2020","94.05","93.00","97.25","91.63","208.00M","2.79%"
"03/18/2020","91.50","87.50","92.08","87.25","192.90M","1.23%"
"03/17/2020","90.39","88.77","92.89","84.46","218.34M","7.02%"
"03/16/2020","84.46","82.08","87.97","81.30","178.35M","-5.37%"
"03/13/2020","89.25","87.75","89.32","84.03","176.19M","6.47%"
"03/12/2020","83.83","86.10","88.25","83.75","226.92M","-7.92%"
"03/11/2020","91.04","92.89","93.57","90.08","112.94M","-3.75%"
"03/10/2020","94.59","93.54","94.71","90.91","142.67M","5.06%"
"03/09/2020","90.03","88.69","93.14","88.06","156.26M","-5.28%"
"03/06/2020","95.05","93.75","95.54","93.47","105.47M","-1.20%"
"03/05/2020","96.20","96.65","98.04","95.50","94.96M","-2.62%"
"03/04/2020","98.79","97.33","98.90","96.10","95.46M","3.50%"
"03/03/2020","95.45","98.77","99.82","94.40","150.69M","-2.30%"
"03/02/2020","97.70","95.32","97.73","93.50","135.23M","3.73%"
"02/28/2020","94.19","90.73","94.49","90.56","189.88M","-0.03%"
"02/27/2020","94.22","96.72","98.75","94.14","162.88M","-4.81%"
"02/26/2020","98.98","98.51","100.73","98.02","104.81M","0.34%"
"02/25/2020","98.64","101.32","101.73","97.92","124.38M","-1.81%"
"02/24/2020","100.46","100.16","101.96","99.40","130.94M","-4.14%"
"02/21/2020","104.80","107.11","107.23","104.40","93.01M","-2.66%"
"02/20/2020","107.66","108.65","108.84","106.37","62.63M","-0.78%"
"02/19/2020","108.51","108.39","109.25","108.06","51.22M","0.68%"
"02/18/2020","107.78","106.25","108.30","106.21","59.02M","0.97%"
"02/14/2020","106.74","107.78","107.95","106.29","52.12M","-0.70%"
"02/13/2020","107.49","107.25","108.51","107.10","60.64M","-0.47%"
"02/12/2020","108.00","108.16","109.01","107.76","66.69M","0.43%"
"02/11/2020","107.54","107.55","109.30","106.80","114.92M","0.79%"
"02/10/2020","106.70","104.25","106.78","104.25","101.12M","2.64%"
"02/07/2020","103.96","102.10","104.93","101.91","101.91M","1.41%"
"02/06/2020","102.51","102.05","102.81","101.24","63.66M","0.51%"
"02/05/2020","101.99","103.55","103.55","101.60","87.52M","-0.48%"
"02/04/2020","102.48","101.49","102.99","100.77","105.79M","2.27%"
"02/03/2020","100.21","100.53","102.42","100.01","117.98M","-0.23%"